Sequence Name,Sequence
1_1us3A_blade1_0101010101,ACCATTCAGCCGGATATTCCGCCGCTGTATAGCGTGTTTAAAGATTATTTTCCGATTGGCGTGGCGGTGGCGAGCAGCGATAACCCGACCTATGATCTGGCGACCAACAGCAAAGCGCAGGCGATGGTGGCGACCCAGTTTAACATGCTGGTGAGACCATGACTCAAACCCCATTGTCTTTGCCAGTTAGTTTGGGTGATCAAGCTTCTATATCTTGTCGTTCTAGCCAGAGTCTAGTCCATTCTAATGGTAATACTTATTTGAGATGGTACTTGCAGAAACCTGGTCAATCTCCTAAGG
2_1us3A_blade1_0301010102,ACCATTCAGCCGGATATTCCGCCGCTGTATAGCGTGTTTAAAGATTATTTTCCGATTGGCGTGGCGGTGGCGGGCAGCGATAACCCGACCTATGATCTGTTTACCAACAGCAAAGCGCAGGCGATGGTGGCGACCCAGTTTAACATGCTGGTGAGACCATGACTCAAACCCCATTGTCTTTGCCAGTTAGTTTGGGTGATCAAGCTTCTATATCTTGTCGTTCTAGCCAGAGTCTAGTCCATTCTAATGGTAATACTTATTTGAGATGGTACTTGCAGAAACCTGGTCAATCTCCTAAGG
3_1us3A_blade1_0301010303,ACCATTCAGCCGGATATTCCGCCGCTGTATAGCGTGTTTAAAGATTATTTTCCGATTGGCGTGGCGGTGGCGGGCAGCGATAACCCGACCTTTGATCTGTATACCAACAGCAAAGCGCAGGCGATGGTGGCGACCCAGTTTAACATGCTGGTGAGACCATGACTCAAACCCCATTGTCTTTGCCAGTTAGTTTGGGTGATCAAGCTTCTATATCTTGTCGTTCTAGCCAGAGTCTAGTCCATTCTAATGGTAATACTTATTTGAGATGGTACTTGCAGAAACCTGGTCAATCTCCTAAGG
4_1us3A_blade1_0301010901,ACCATTCAGCCGGATATTCCGCCGCTGTATAGCGTGTTTAAAGATTATTTTCCGATTGGCGTGGCGGTGGCGGGCAGCGATAACCCGACCTGGGATCTGGCGACCAACAGCAAAGCGCAGGCGATGGTGGCGACCCAGTTTAACATGCTGGTGAGACCATGACTCAAACCCCATTGTCTTTGCCAGTTAGTTTGGGTGATCAAGCTTCTATATCTTGTCGTTCTAGCCAGAGTCTAGTCCATTCTAATGGTAATACTTATTTGAGATGGTACTTGCAGAAACCTGGTCAATCTCCTAAGG
5_1us3A_blade1_0301020103,ACCATTCAGCCGGATATTCCGCCGCTGTATAGCGTGTTTAAAGATTATTTTCCGATTGGCGTGGCGGTGGCGGGCAGCCATAACCCGACCTATGATCTGTATACCAACAGCAAAGCGCAGGCGATGGTGGCGACCCAGTTTAACATGCTGGTGAGACCATGACTCAAACCCCATTGTCTTTGCCAGTTAGTTTGGGTGATCAAGCTTCTATATCTTGTCGTTCTAGCCAGAGTCTAGTCCATTCTAATGGTAATACTTATTTGAGATGGTACTTGCAGAAACCTGGTCAATCTCCTAAGG
6_1us3A_blade1_0301020902,ACCATTCAGCCGGATATTCCGCCGCTGTATAGCGTGTTTAAAGATTATTTTCCGATTGGCGTGGCGGTGGCGGGCAGCCATAACCCGACCTGGGATCTGTTTACCAACAGCAAAGCGCAGGCGATGGTGGCGACCCAGTTTAACATGCTGGTGAGACCATGACTCAAACCCCATTGTCTTTGCCAGTTAGTTTGGGTGATCAAGCTTCTATATCTTGTCGTTCTAGCCAGAGTCTAGTCCATTCTAATGGTAATACTTATTTGAGATGGTACTTGCAGAAACCTGGTCAATCTCCTAAGG
7_1us3A_blade1_0301030101,ACCATTCAGCCGGATATTCCGCCGCTGTATAGCGTGTTTAAAGATTATTTTCCGATTGGCGTGGCGGTGGCGGGCAGCAACAACCCGACCTATGATCTGGCGACCAACAGCAAAGCGCAGGCGATGGTGGCGACCCAGTTTAACATGCTGGTGAGACCATGACTCAAACCCCATTGTCTTTGCCAGTTAGTTTGGGTGATCAAGCTTCTATATCTTGTCGTTCTAGCCAGAGTCTAGTCCATTCTAATGGTAATACTTATTTGAGATGGTACTTGCAGAAACCTGGTCAATCTCCTAAGG
8_1us3A_blade1_0302010101,ACCATTCAGCCGGATATTCCGCCGCTGTATAGCGTGTTTAAAGATTATTTTCCGATTGGCGTGGCGGTGGCGGGCGCGGATAACCCGACCTATGATCTGGCGACCAACAGCAAAGCGCAGGCGATGGTGGCGACCCAGTTTAACATGCTGGTGAGACCATGACTCAAACCCCATTGTCTTTGCCAGTTAGTTTGGGTGATCAAGCTTCTATATCTTGTCGTTCTAGCCAGAGTCTAGTCCATTCTAATGGTAATACTTATTTGAGATGGTACTTGCAGAAACCTGGTCAATCTCCTAAGG
9_1us3A_blade1_0302010902,ACCATTCAGCCGGATATTCCGCCGCTGTATAGCGTGTTTAAAGATTATTTTCCGATTGGCGTGGCGGTGGCGGGCGCGGATAACCCGACCTGGGATCTGTTTACCAACAGCAAAGCGCAGGCGATGGTGGCGACCCAGTTTAACATGCTGGTGAGACCATGACTCAAACCCCATTGTCTTTGCCAGTTAGTTTGGGTGATCAAGCTTCTATATCTTGTCGTTCTAGCCAGAGTCTAGTCCATTCTAATGGTAATACTTATTTGAGATGGTACTTGCAGAAACCTGGTCAATCTCCTAAGG
10_1us3A_blade1_0302020102,ACCATTCAGCCGGATATTCCGCCGCTGTATAGCGTGTTTAAAGATTATTTTCCGATTGGCGTGGCGGTGGCGGGCGCGCATAACCCGACCTATGATCTGTTTACCAACAGCAAAGCGCAGGCGATGGTGGCGACCCAGTTTAACATGCTGGTGAGACCATGACTCAAACCCCATTGTCTTTGCCAGTTAGTTTGGGTGATCAAGCTTCTATATCTTGTCGTTCTAGCCAGAGTCTAGTCCATTCTAATGGTAATACTTATTTGAGATGGTACTTGCAGAAACCTGGTCAATCTCCTAAGG
11_1us3A_blade1_0302020901,ACCATTCAGCCGGATATTCCGCCGCTGTATAGCGTGTTTAAAGATTATTTTCCGATTGGCGTGGCGGTGGCGGGCGCGCATAACCCGACCTGGGATCTGGCGACCAACAGCAAAGCGCAGGCGATGGTGGCGACCCAGTTTAACATGCTGGTGAGACCATGACTCAAACCCCATTGTCTTTGCCAGTTAGTTTGGGTGATCAAGCTTCTATATCTTGTCGTTCTAGCCAGAGTCTAGTCCATTCTAATGGTAATACTTATTTGAGATGGTACTTGCAGAAACCTGGTCAATCTCCTAAGG
12_4pmuD_blade1_010101010101,ACCATTCAGCCGGATATTCCGCCGCTGTATAGCGTGTTTAAAGATTATTTTCCGATTGGCGTGGCGGTGAACGCGGATCAGGCGGATGGCCGCGATAAAGAAGGCGCGGCGCTGATTGCGCAGAACTTTAACATGCTGGTGAGACCATGACTCAAACCCCATTGTCTTTGCCAGTTAGTTTGGGTGATCAAGCTTCTATATCTTGTCGTTCTAGCCAGAGTCTAGTCCATTCTAATGGTAATACTTATTTGAGATGGTACTTGCAGAAACCTGGTCAATCTCCTAAGGTCTTGATCTATA
13_4pmuD_blade1_020502040103,ACCATTCAGCCGGATATTCCGCCGCTGTATAGCGTGTTTAAAGATTATTTTCCGATTGGCGTGGCGGTGGATCTGGAACTGGCGCAGGGCCGCGATAAAGAAGGCGCGGCGCTGATTGCGCAGAACTTTAACATGCTGGTGAGACCATGACTCAAACCCCATTGTCTTTGCCAGTTAGTTTGGGTGATCAAGCTTCTATATCTTGTCGTTCTAGCCAGAGTCTAGTCCATTCTAATGGTAATACTTATTTGAGATGGTACTTGCAGAAACCTGGTCAATCTCCTAAGGTCTTGATCTATA
14_4pmuD_blade1_040102010105,ACCATTCAGCCGGATATTCCGCCGCTGTATAGCGTGTTTAAAGATTATTTTCCGATTGGCGTGGCGGTGCATGCGGAACAGGCGACCGGCCGCGATAAAGAAGGCGCGGCGCTGATTGCGCAGAACTTTAACATGCTGGTGAGACCATGACTCAAACCCCATTGTCTTTGCCAGTTAGTTTGGGTGATCAAGCTTCTATATCTTGTCGTTCTAGCCAGAGTCTAGTCCATTCTAATGGTAATACTTATTTGAGATGGTACTTGCAGAAACCTGGTCAATCTCCTAAGGTCTTGATCTATA
15_4pmuD_blade1_040502010101,ACCATTCAGCCGGATATTCCGCCGCTGTATAGCGTGTTTAAAGATTATTTTCCGATTGGCGTGGCGGTGCATCTGGAACAGGCGGATGGCCGCGATAAAGAAGGCGCGGCGCTGATTGCGCAGAACTTTAACATGCTGGTGAGACCATGACTCAAACCCCATTGTCTTTGCCAGTTAGTTTGGGTGATCAAGCTTCTATATCTTGTCGTTCTAGCCAGAGTCTAGTCCATTCTAATGGTAATACTTATTTGAGATGGTACTTGCAGAAACCTGGTCAATCTCCTAAGGTCTTGATCTATA
16_4pmuD_blade1_040502030103,ACCATTCAGCCGGATATTCCGCCGCTGTATAGCGTGTTTAAAGATTATTTTCCGATTGGCGTGGCGGTGCATCTGGAAATTGCGCAGGGCCGCGATAAAGAAGGCGCGGCGCTGATTGCGCAGAACTTTAACATGCTGGTGAGACCATGACTCAAACCCCATTGTCTTTGCCAGTTAGTTTGGGTGATCAAGCTTCTATATCTTGTCGTTCTAGCCAGAGTCTAGTCCATTCTAATGGTAATACTTATTTGAGATGGTACTTGCAGAAACCTGGTCAATCTCCTAAGGTCTTGATCTATA
17_4pmuD_blade1_040502030305,ACCATTCAGCCGGATATTCCGCCGCTGTATAGCGTGTTTAAAGATTATTTTCCGATTGGCGTGGCGGTGCATCTGGAAATTCTGACCGGCCGCGATAAAGAAGGCGCGGCGCTGATTGCGCAGAACTTTAACATGCTGGTGAGACCATGACTCAAACCCCATTGTCTTTGCCAGTTAGTTTGGGTGATCAAGCTTCTATATCTTGTCGTTCTAGCCAGAGTCTAGTCCATTCTAATGGTAATACTTATTTGAGATGGTACTTGCAGAAACCTGGTCAATCTCCTAAGGTCTTGATCTATA
18_4pmuD_blade1_040502040105,ACCATTCAGCCGGATATTCCGCCGCTGTATAGCGTGTTTAAAGATTATTTTCCGATTGGCGTGGCGGTGCATCTGGAACTGGCGACCGGCCGCGATAAAGAAGGCGCGGCGCTGATTGCGCAGAACTTTAACATGCTGGTGAGACCATGACTCAAACCCCATTGTCTTTGCCAGTTAGTTTGGGTGATCAAGCTTCTATATCTTGTCGTTCTAGCCAGAGTCTAGTCCATTCTAATGGTAATACTTATTTGAGATGGTACTTGCAGAAACCTGGTCAATCTCCTAAGGTCTTGATCTATA
19_4pmuD_blade1_040502040303,ACCATTCAGCCGGATATTCCGCCGCTGTATAGCGTGTTTAAAGATTATTTTCCGATTGGCGTGGCGGTGCATCTGGAACTGTTACAAGGCCGCGATAAAGAAGGCGCGGCGCTGATTGCGCAGAACTTTAACATGCTGGTGAGACCATGACTCAAACCCCATTGTCTTTGCCAGTTAGTTTGGGTGATCAAGCTTCTATATCTTGTCGTTCTAGCCAGAGTCTAGTCCATTCTAATGGTAATACTTATTTGAGATGGTACTTGCAGAAACCTGGTCAATCTCCTAAGGTCTTGATCTATA
20_4pmuD_blade1_040802010103,ACCATTCAGCCGGATATTCCGCCGCTGTATAGCGTGTTTAAAGATTATTTTCCGATTGGCGTGGCGGTGCATCGCGAACAGGCGCAGGGCCGCGATAAAGAAGGCGCGGCGCTGATTGCGCAGAACTTTAACATGCTGGTGAGACCATGACTCAAACCCCATTGTCTTTGCCAGTTAGTTTGGGTGATCAAGCTTCTATATCTTGTCGTTCTAGCCAGAGTCTAGTCCATTCTAATGGTAATACTTATTTGAGATGGTACTTGCAGAAACCTGGTCAATCTCCTAAGGTCTTGATCTATA
21_4pmuD_blade1_040802010501,ACCATTCAGCCGGATATTCCGCCGCTGTATAGCGTGTTTAAAGATTATTTTCCGATTGGCGTGGCGGTGCATCGCGAACAGACCGATGGCCGCGATAAAGAAGGCGCGGCGCTGATTGCGCAGAACTTTAACATGCTGGTGAGACCATGACTCAAACCCCATTGTCTTTGCCAGTTAGTTTGGGTGATCAAGCTTCTATATCTTGTCGTTCTAGCCAGAGTCTAGTCCATTCTAATGGTAATACTTATTTGAGATGGTACTTGCAGAAACCTGGTCAATCTCCTAAGGTCTTGATCTATA
22_4pmuD_blade1_040802030303,ACCATTCAGCCGGATATTCCGCCGCTGTATAGCGTGTTTAAAGATTATTTTCCGATTGGCGTGGCGGTGCATCGCGAAATTTTACAAGGCCGCGATAAAGAAGGCGCGGCGCTGATTGCGCAGAACTTTAACATGCTGGTGAGACCATGACTCAAACCCCATTGTCTTTGCCAGTTAGTTTGGGTGATCAAGCTTCTATATCTTGTCGTTCTAGCCAGAGTCTAGTCCATTCTAATGGTAATACTTATTTGAGATGGTACTTGCAGAAACCTGGTCAATCTCCTAAGGTCTTGATCTATA
23_wt_blade1_0101010101,ACCATTCAGCCGGATATTCCGCCGCTGTATAGCGTGTTTAAAGATTATTTTCCGATTGGCGTGGCGGTGAACCCGAGCCAGCTGGATGAACGCAACCCGCATGCGAAACTGGTGGCGAAACAGTTTAACATGCTGGTGAGACCATGACTCAAACCCCATTGTCTTTGCCAGTTAGTTTGGGTGATCAAGCTTCTATATCTTGTCGTTCTAGCCAGAGTCTAGTCCATTCTAATGGTAATACTTATTTGAGATGGTACTTGCAGAAACCTGGTCAATCTCCTAAGGTCTTGATCTATAAAG
24_wt_blade1_0104010405,ACCATTCAGCCGGATATTCCGCCGCTGTATAGCGTGTTTAAAGATTATTTTCCGATTGGCGTGGCGGTGAACTATAGCCTGCTGGATGAACGCAACCCGGTGGCGAAACTGGTGGCGAAACAGTTTAACATGCTGGTGAGACCATGACTCAAACCCCATTGTCTTTGCCAGTTAGTTTGGGTGATCAAGCTTCTATATCTTGTCGTTCTAGCCAGAGTCTAGTCCATTCTAATGGTAATACTTATTTGAGATGGTACTTGCAGAAACCTGGTCAATCTCCTAAGGTCTTGATCTATAAAG
25_wt_blade1_0104070406,ACCATTCAGCCGGATATTCCGCCGCTGTATAGCGTGTTTAAAGATTATTTTCCGATTGGCGTGGCGGTGAACTATAAACTGCTGGATGAACGCAACCCGTATGCGAAACTGGTGGCGAAACAGTTTAACATGCTGGTGAGACCATGACTCAAACCCCATTGTCTTTGCCAGTTAGTTTGGGTGATCAAGCTTCTATATCTTGTCGTTCTAGCCAGAGTCTAGTCCATTCTAATGGTAATACTTATTTGAGATGGTACTTGCAGAAACCTGGTCAATCTCCTAAGGTCTTGATCTATAAAG
26_wt_blade1_0104100105,ACCATTCAGCCGGATATTCCGCCGCTGTATAGCGTGTTTAAAGATTATTTTCCGATTGGCGTGGCGGTGAACTATCAGCAGCTGGATGAACGCAACCCGGTGGCGAAACTGGTGGCGAAACAGTTTAACATGCTGGTGAGACCATGACTCAAACCCCATTGTCTTTGCCAGTTAGTTTGGGTGATCAAGCTTCTATATCTTGTCGTTCTAGCCAGAGTCTAGTCCATTCTAATGGTAATACTTATTTGAGATGGTACTTGCAGAAACCTGGTCAATCTCCTAAGGTCTTGATCTATAAAG
27_wt_blade1_0104100306,ACCATTCAGCCGGATATTCCGCCGCTGTATAGCGTGTTTAAAGATTATTTTCCGATTGGCGTGGCGGTGAACTATCAGCATCTGGATGAACGCAACCCGTATGCGAAACTGGTGGCGAAACAGTTTAACATGCTGGTGAGACCATGACTCAAACCCCATTGTCTTTGCCAGTTAGTTTGGGTGATCAAGCTTCTATATCTTGTCGTTCTAGCCAGAGTCTAGTCCATTCTAATGGTAATACTTATTTGAGATGGTACTTGCAGAAACCTGGTCAATCTCCTAAGGTCTTGATCTATAAAG
28_wt_blade1_0104110205,ACCATTCAGCCGGATATTCCGCCGCTGTATAGCGTGTTTAAAGATTATTTTCCGATTGGCGTGGCGGTGAACTATCGCGAACTGGATGAACGCAACCCGGTGGCGAAACTGGTGGCGAAACAGTTTAACATGCTGGTGAGACCATGACTCAAACCCCATTGTCTTTGCCAGTTAGTTTGGGTGATCAAGCTTCTATATCTTGTCGTTCTAGCCAGAGTCTAGTCCATTCTAATGGTAATACTTATTTGAGATGGTACTTGCAGAAACCTGGTCAATCTCCTAAGGTCTTGATCTATAAAG
29_wt_blade1_0104110401,ACCATTCAGCCGGATATTCCGCCGCTGTATAGCGTGTTTAAAGATTATTTTCCGATTGGCGTGGCGGTGAACTATCGCCTGCTGGATGAACGCAACCCGCATGCGAAACTGGTGGCGAAACAGTTTAACATGCTGGTGAGACCATGACTCAAACCCCATTGTCTTTGCCAGTTAGTTTGGGTGATCAAGCTTCTATATCTTGTCGTTCTAGCCAGAGTCTAGTCCATTCTAATGGTAATACTTATTTGAGATGGTACTTGCAGAAACCTGGTCAATCTCCTAAGGTCTTGATCTATAAAG
30_wt_blade1_0204070105,ACCATTCAGCCGGATATTCCGCCGCTGTATAGCGTGTTTAAAGATTATTTTCCGATTGGCGTGGCGGTGGATTATAAACAGCTGGATGAACGCAACCCGGTGGCGAAACTGGTGGCGAAACAGTTTAACATGCTGGTGAGACCATGACTCAAACCCCATTGTCTTTGCCAGTTAGTTTGGGTGATCAAGCTTCTATATCTTGTCGTTCTAGCCAGAGTCTAGTCCATTCTAATGGTAATACTTATTTGAGATGGTACTTGCAGAAACCTGGTCAATCTCCTAAGGTCTTGATCTATAAAG
31_wt_blade1_0204100205,ACCATTCAGCCGGATATTCCGCCGCTGTATAGCGTGTTTAAAGATTATTTTCCGATTGGCGTGGCGGTGGATTATCAGGAACTGGATGAACGCAACCCGGTGGCGAAACTGGTGGCGAAACAGTTTAACATGCTGGTGAGACCATGACTCAAACCCCATTGTCTTTGCCAGTTAGTTTGGGTGATCAAGCTTCTATATCTTGTCGTTCTAGCCAGAGTCTAGTCCATTCTAATGGTAATACTTATTTGAGATGGTACTTGCAGAAACCTGGTCAATCTCCTAAGGTCTTGATCTATAAAG
32_wt_blade1_0204110405,ACCATTCAGCCGGATATTCCGCCGCTGTATAGCGTGTTTAAAGATTATTTTCCGATTGGCGTGGCGGTGGATTATCGCCTGCTGGATGAACGCAACCCGGTGGCGAAACTGGTGGCGAAACAGTTTAACATGCTGGTGAGACCATGACTCAAACCCCATTGTCTTTGCCAGTTAGTTTGGGTGATCAAGCTTCTATATCTTGTCGTTCTAGCCAGAGTCTAGTCCATTCTAATGGTAATACTTATTTGAGATGGTACTTGCAGAAACCTGGTCAATCTCCTAAGGTCTTGATCTATAAAG
33_wt_blade1_0504100405,ACCATTCAGCCGGATATTCCGCCGCTGTATAGCGTGTTTAAAGATTATTTTCCGATTGGCGTGGCGGTGCAGTATCAGCTGCTGGATGAACGCAACCCGGTGGCGAAACTGGTGGCGAAACAGTTTAACATGCTGGTGAGACCATGACTCAAACCCCATTGTCTTTGCCAGTTAGTTTGGGTGATCAAGCTTCTATATCTTGTCGTTCTAGCCAGAGTCTAGTCCATTCTAATGGTAATACTTATTTGAGATGGTACTTGCAGAAACCTGGTCAATCTCCTAAGGTCTTGATCTATAAAG
34_1vbrB_blade24_01010101,GGTCTCGCTGGTGGCGGAAAACGAAATGAAATGGGCGTATATTCATCCGGAACGCGATCAGTTTGATTTTAGCAAAGCGGATAAAATTGTGGCGTTTGCGGAGAAGAACAACATGAAAGTGCATGGCCATACCCTGGTGTGGCATAACCAGCTGCCGGATTGGGTGACCAGCAAGAACTGGACCAAAGAAGAACTGATTGCGGTGATGAAAACCCATATTACCACCGTGGTGAGCCATTTTAAAGGCCGCATTTATGCGTGGGATGTGGTGAACGAAGCGCTGAACGATGATGGCACCTGGCGCCCGAGCATTTGGTATAACACCATTGGCCCGGAATATGTGGAAATTGCGTTTCGCACCGCGCATGCGGCTGACCCGAGCGCGAAACTGTATATTATGAGACC
35_1vbrB_blade24_03020201,GGTCTCGCTGGTGGCGGATCATGAAATGGAATGGGCGTATATTCATCCGGAACGCGATCAGTTTGATTTTAGCAAAGCGGATAAAATTGTGGCGTTTGCGGAGAAGAACAACATGAAAGTGCATGGCCATACCCTGGTGTGGCATAACCAGCTGCCGGATTGGGTGACCAGCAAGAACTGGACCAAAGAAGAACTGATTGCGGTGATGAAAACCCATATTACCACCGTGGTGAGCCATTTTAAAGGCCGCATTTATGCGTGGGATGTGGTGAACGAAGCGCTGAACGATGATGGCACCTGGCGCCCGAGCATTTGGTATAACACCATTGGCCCGGAATATGTGGAAATTGCGTTTCGCACCGCGCATGCGGCTGACCCGAGCGCGAAACTGTATATTATGAGACC
36_1vbrB_blade24_03030301,GGTCTCGCTGGTGGCGGATTATGAAATGCGCTGGGCGTATATTCATCCGGAACGCGATCAGTTTGATTTTAGCAAAGCGGATAAAATTGTGGCGTTTGCGGAGAAGAACAACATGAAAGTGCATGGCCATACCCTGGTGTGGCATAACCAGCTGCCGGATTGGGTGACCAGCAAGAACTGGACCAAAGAAGAACTGATTGCGGTGATGAAAACCCATATTACCACCGTGGTGAGCCATTTTAAAGGCCGCATTTATGCGTGGGATGTGGTGAACGAAGCGCTGAACGATGATGGCACCTGGCGCCCGAGCATTTGGTATAACACCATTGGCCCGGAATATGTGGAAATTGCGTTTCGCACCGCGCATGCGGCTGACCCGAGCGCGAAACTGTATATTATGAGACC
37_1vbrB_blade24_05020301,GGTCTCGCTGGTGGCGCAGCATGAAATGCGCTGGGCGTATATTCATCCGGAACGCGATCAGTTTGATTTTAGCAAAGCGGATAAAATTGTGGCGTTTGCGGAGAAGAACAACATGAAAGTGCATGGCCATACCCTGGTGTGGCATAACCAGCTGCCGGATTGGGTGACCAGCAAGAACTGGACCAAAGAAGAACTGATTGCGGTGATGAAAACCCATATTACCACCGTGGTGAGCCATTTTAAAGGCCGCATTTATGCGTGGGATGTGGTGAACGAAGCGCTGAACGATGATGGCACCTGGCGCCCGAGCATTTGGTATAACACCATTGGCCCGGAATATGTGGAAATTGCGTTTCGCACCGCGCATGCGGCTGACCCGAGCGCGAAACTGTATATTATGAGACC
38_1vbrB_blade24_05030201,GGTCTCGCTGGTGGCGCAGTATGAAATGGAATGGGCGTATATTCATCCGGAACGCGATCAGTTTGATTTTAGCAAAGCGGATAAAATTGTGGCGTTTGCGGAGAAGAACAACATGAAAGTGCATGGCCATACCCTGGTGTGGCATAACCAGCTGCCGGATTGGGTGACCAGCAAGAACTGGACCAAAGAAGAACTGATTGCGGTGATGAAAACCCATATTACCACCGTGGTGAGCCATTTTAAAGGCCGCATTTATGCGTGGGATGTGGTGAACGAAGCGCTGAACGATGATGGCACCTGGCGCCCGAGCATTTGGTATAACACCATTGGCCCGGAATATGTGGAAATTGCGTTTCGCACCGCGCATGCGGCTGACCCGAGCGCGAAACTGTATATTATGAGACC
39_4k68B_blade24_010101010101,GGTCTCGCTGGTGCCGGATAACGCGATGGCGTGGGAACCGCTGCGCCCGCAGAACAAAGATTGGCATTGGGAAGCGGCGGATAAAATTGTGGCGTTTGGCGAGAAGCATAACATGTTTATTGTGGGTCACGGCCTGGTGTGGCATCAGCAGGTGCCGAAATGGGTGTTTCTGGATGAAAACGGCAACACCATTAGCAAAGAAGAACTGATTAAAATTATGAAAGATTATATTAAAACCGTGGTGGGCCGCTATAAAGGCCGCATTGATGCGTGGGATGTGGTGAACGAAGCGCTGAACGATGATGGCACCTATCGCCCGAGCCCGTGGTATAAAATTATTGGCGAAGAATATATTGCGATTGCGTTTAAAACCGCGCATGAAGTTGACCCGACCGCGGAACTGTATATTATGAGACC
40_4k68B_blade24_060401070401,GGTCTCGCTGGTGCCGATGGAAGCGATGGCGTGGGAACCGCTGCGCCCGCAGAACAAAGATTGGCATTGGGAAGCGGCGGATAAAATTGTGGCGTTTGGCGAGAAGCATAACATGTTTATTGTGGGTCACGGCCTGGTGTGGCATCGCCGCGTGCCGAAATGGGTGTTTCTGGATGAAAACGGCAACACCATTAGCAAAGAAGAACTGATTAAAATTATGAAAGATTATATTAAAACCGTGGTGGGCCGCTATAAAGGCCGCATTGATGCGTGGGATGTGGTGAACGAAGCGCTGAACGATGATGGCACCTATCGCCCGAGCCCGTGGTATAAAATTATTGGCGAAGAATATATTGCGATTGCGTTTAAAACCGCGCATGAAGTTGACCCGACCGCGGAACTGTATATTATGAGACC
41_4k68B_blade24_060701010201,GGTCTCGCTGGTGCCGATGCAGGCGATGGCGTGGGAACCGCTGCGCCCGCAGAACAAAGATTGGCATTGGGAAGCGGCGGATAAAATTGTGGCGTTTGGCGAGAAGCATAACATGTTTATTGTGGGTCACGGCCTGGTGTGGCATCAGGAAGTGCCGAAATGGGTGTTTCTGGATGAAAACGGCAACACCATTAGCAAAGAAGAACTGATTAAAATTATGAAAGATTATATTAAAACCGTGGTGGGCCGCTATAAAGGCCGCATTGATGCGTGGGATGTGGTGAACGAAGCGCTGAACGATGATGGCACCTATCGCCCGAGCCCGTGGTATAAAATTATTGGCGAAGAATATATTGCGATTGCGTTTAAAACCGCGCATGAAGTTGACCCGACCGCGGAACTGTATATTATGAGACC
42_4k68B_blade24_060701050401,GGTCTCGCTGGTGCCGATGCAGGCGATGGCGTGGGAACCGCTGCGCCCGCAGAACAAAGATTGGCATTGGGAAGCGGCGGATAAAATTGTGGCGTTTGGCGAGAAGCATAACATGTTTATTGTGGGTCACGGCCTGGTGTGGCATAAACGCGTGCCGAAATGGGTGTTTCTGGATGAAAACGGCAACACCATTAGCAAAGAAGAACTGATTAAAATTATGAAAGATTATATTAAAACCGTGGTGGGCCGCTATAAAGGCCGCATTGATGCGTGGGATGTGGTGAACGAAGCGCTGAACGATGATGGCACCTATCGCCCGAGCCCGTGGTATAAAATTATTGGCGAAGAATATATTGCGATTGCGTTTAAAACCGCGCATGAAGTTGACCCGACCGCGGAACTGTATATTATGAGACC
43_4k68B_blade24_060701060501,GGTCTCGCTGGTGCCGATGCAGGCGATGGCGTGGGAACCGCTGCGCCCGCAGAACAAAGATTGGCATTGGGAAGCGGCGGATAAAATTGTGGCGTTTGGCGAGAAGCATAACATGTTTATTGTGGGTCACGGCCTGGTGTGGCATAACAGCGTGCCGAAATGGGTGTTTCTGGATGAAAACGGCAACACCATTAGCAAAGAAGAACTGATTAAAATTATGAAAGATTATATTAAAACCGTGGTGGGCCGCTATAAAGGCCGCATTGATGCGTGGGATGTGGTGAACGAAGCGCTGAACGATGATGGCACCTATCGCCCGAGCCCGTGGTATAAAATTATTGGCGAAGAATATATTGCGATTGCGTTTAAAACCGCGCATGAAGTTGACCCGACCGCGGAACTGTATATTATGAGACC
44_4k68B_blade24_060701070101,GGTCTCGCTGGTGCCGATGCAGGCGATGGCGTGGGAACCGCTGCGCCCGCAGAACAAAGATTGGCATTGGGAAGCGGCGGATAAAATTGTGGCGTTTGGCGAGAAGCATAACATGTTTATTGTGGGTCACGGCCTGGTGTGGCATCGCCAGGTGCCGAAATGGGTGTTTCTGGATGAAAACGGCAACACCATTAGCAAAGAAGAACTGATTAAAATTATGAAAGATTATATTAAAACCGTGGTGGGCCGCTATAAAGGCCGCATTGATGCGTGGGATGTGGTGAACGAAGCGCTGAACGATGATGGCACCTATCGCCCGAGCCCGTGGTATAAAATTATTGGCGAAGAATATATTGCGATTGCGTTTAAAACCGCGCATGAAGTTGACCCGACCGCGGAACTGTATATTATGAGACC
45_4k68B_blade24_060701070402,GGTCTCGCTGGTGCCGATGCAGGCGATGGCGTGGGAACCGCTGCGCCCGCAGAACAAAGATTGGCATTGGGAAGCGGCGGATAAAATTGTGGCGTTTGGCGAGAAGCATAACATGTTTATTGTGGGTCACGGCCTGGTGTGGCATCGCCGCGTGCCGAAATGGGTGTTTCTGGATGAAAACGGCAACACCATTAGCAAAGAAGAACTGATTAAAATTATGAAAGATTATATTAAAACCGTGGTGGGCCGCTATAAAGGCCGCATTGATGCGTGGGATGTGGTGGATGAAGCGCTGAACGATGATGGCACCTATCGCCCGAGCCCGTGGTATAAAATTATTGGCGAAGAATATATTGCGATTGCGTTTAAAACCGCGCATGAAGTTGACCCGACCGCGGAACTGTATATTATGAGACC
46_4k68B_blade24_060801070201,GGTCTCGCTGGTGCCGATGCGCGCGATGGCGTGGGAACCGCTGCGCCCGCAGAACAAAGATTGGCATTGGGAAGCGGCGGATAAAATTGTGGCGTTTGGCGAGAAGCATAACATGTTTATTGTGGGTCACGGCCTGGTGTGGCATCGCGAAGTGCCGAAATGGGTGTTTCTGGATGAAAACGGCAACACCATTAGCAAAGAAGAACTGATTAAAATTATGAAAGATTATATTAAAACCGTGGTGGGCCGCTATAAAGGCCGCATTGATGCGTGGGATGTGGTGAACGAAGCGCTGAACGATGATGGCACCTATCGCCCGAGCCCGTGGTATAAAATTATTGGCGAAGAATATATTGCGATTGCGTTTAAAACCGCGCATGAAGTTGACCCGACCGCGGAACTGTATATTATGAGACC
47_4k68B_blade24_061101010401,GGTCTCGCTGGTGCCGATGTATGCGATGGCGTGGGAACCGCTGCGCCCGCAGAACAAAGATTGGCATTGGGAAGCGGCGGATAAAATTGTGGCGTTTGGCGAGAAGCATAACATGTTTATTGTGGGTCACGGCCTGGTGTGGCATCAGCGCGTGCCGAAATGGGTGTTTCTGGATGAAAACGGCAACACCATTAGCAAAGAAGAACTGATTAAAATTATGAAAGATTATATTAAAACCGTGGTGGGCCGCTATAAAGGCCGCATTGATGCGTGGGATGTGGTGAACGAAGCGCTGAACGATGATGGCACCTATCGCCCGAGCCCGTGGTATAAAATTATTGGCGAAGAATATATTGCGATTGCGTTTAAAACCGCGCATGAAGTTGACCCGACCGCGGAACTGTATATTATGAGACC
48_4k68B_blade24_080701070201,GGTCTCGCTGGTGCCGCGCCAGGCGATGGCGTGGGAACCGCTGCGCCCGCAGAACAAAGATTGGCATTGGGAAGCGGCGGATAAAATTGTGGCGTTTGGCGAGAAGCATAACATGTTTATTGTGGGTCACGGCCTGGTGTGGCATCGCGAAGTGCCGAAATGGGTGTTTCTGGATGAAAACGGCAACACCATTAGCAAAGAAGAACTGATTAAAATTATGAAAGATTATATTAAAACCGTGGTGGGCCGCTATAAAGGCCGCATTGATGCGTGGGATGTGGTGAACGAAGCGCTGAACGATGATGGCACCTATCGCCCGAGCCCGTGGTATAAAATTATTGGCGAAGAATATATTGCGATTGCGTTTAAAACCGCGCATGAAGTTGACCCGACCGCGGAACTGTATATTATGAGACC
49_4k68B_blade24_120701070401,GGTCTCGCTGGTGCCGTATCAGGCGATGGCGTGGGAACCGCTGCGCCCGCAGAACAAAGATTGGCATTGGGAAGCGGCGGATAAAATTGTGGCGTTTGGCGAGAAGCATAACATGTTTATTGTGGGTCACGGCCTGGTGTGGCATCGCCGCGTGCCGAAATGGGTGTTTCTGGATGAAAACGGCAACACCATTAGCAAAGAAGAACTGATTAAAATTATGAAAGATTATATTAAAACCGTGGTGGGCCGCTATAAAGGCCGCATTGATGCGTGGGATGTGGTGAACGAAGCGCTGAACGATGATGGCACCTATCGCCCGAGCCCGTGGTATAAAATTATTGGCGAAGAATATATTGCGATTGCGTTTAAAACCGCGCATGAAGTTGACCCGACCGCGGAACTGTATATTATGAGACC
50_wt_blade24_010101,GGTCTCGCTGGTGGCGGAAAACGCGATGAAATGGGAATATCTGGAACCGGAAGAAGGCAACTTTGATTTTACCGAAGCGGATAAAATTGTGGATTTTGCGATTGCGCATAACATGAAAATGCGCGGCCATACCCTGGTGTGGCATAACCAGGTGCCGGATTGGGTGTTTCAAGACCCGAGCGATCCGGGCAAACCGGCGAGCCGCGAACTGCTGCTGAAAATTATGAAAACCCATATTACCACCGTGATGAAACATTATAAAGATAAATATGGCGATAACAACCCGATTATTGGCTGGGATGTGGTGAACGAAGCGCTGGATGATGATGGCAACCTGCGCGATACCATTTGGCTGCGCATTATTGGCCCGGATTATATTGCGAAAGCGTTTGAATATGCGCATGAAGCTGACCCGAGCGCGAAACTGTTTATTATGAGACC
51_wt_blade24_010102,GGTCTCGCTGGTGGCGGAAAACGCGATGAAATGGGAATATCTGGAACCGGAAGAAGGCAACTTTGATTTTACCGAAGCGGATAAAATTGTGGATTTTGCGATTGCGCATAACATGAAAATGCGCGGCCATACCCTGGTGTGGCATAACGAAGTGCCGGATTGGGTGTTTCAAGACCCGAGCGATCCGGGCAAACCGGCGAGCCGCGAACTGCTGCTGAAAATTATGAAAACCCATATTACCACCGTGATGAAACATTATAAAGATAAATATGGCGATAACAACCCGATTATTGGCTGGGATGTGGTGAACGAAGCGCTGGATGATGATGGCAACCTGCGCGATACCATTTGGCTGCGCATTATTGGCCCGGATTATATTGCGAAAGCGTTTGAATATGCGCATGAAGCTGACCCGAGCGCGAAACTGTTTATTATGAGACC
52_wt_blade24_010103,GGTCTCGCTGGTGGCGGAAAACGCGATGAAATGGGAATATCTGGAACCGGAAGAAGGCAACTTTGATTTTACCGAAGCGGATAAAATTGTGGATTTTGCGATTGCGCATAACATGAAAATGCGCGGCCATACCCTGGTGTGGCATAACCATGTGCCGGATTGGGTGTTTCAAGACCCGAGCGATCCGGGCAAACCGGCGAGCCGCGAACTGCTGCTGAAAATTATGAAAACCCATATTACCACCGTGATGAAACATTATAAAGATAAATATGGCGATAACAACCCGATTATTGGCTGGGATGTGGTGAACGAAGCGCTGGATGATGATGGCAACCTGCGCGATACCATTTGGCTGCGCATTATTGGCCCGGATTATATTGCGAAAGCGTTTGAATATGCGCATGAAGCTGACCCGAGCGCGAAACTGTTTATTATGAGACC
53_wt_blade24_010104,GGTCTCGCTGGTGGCGGAAAACGCGATGAAATGGGAATATCTGGAACCGGAAGAAGGCAACTTTGATTTTACCGAAGCGGATAAAATTGTGGATTTTGCGATTGCGCATAACATGAAAATGCGCGGCCATACCCTGGTGTGGCATAACAAAGTGCCGGATTGGGTGTTTCAAGACCCGAGCGATCCGGGCAAACCGGCGAGCCGCGAACTGCTGCTGAAAATTATGAAAACCCATATTACCACCGTGATGAAACATTATAAAGATAAATATGGCGATAACAACCCGATTATTGGCTGGGATGTGGTGAACGAAGCGCTGGATGATGATGGCAACCTGCGCGATACCATTTGGCTGCGCATTATTGGCCCGGATTATATTGCGAAAGCGTTTGAATATGCGCATGAAGCTGACCCGAGCGCGAAACTGTTTATTATGAGACC
54_wt_blade24_010105,GGTCTCGCTGGTGGCGGAAAACGCGATGAAATGGGAATATCTGGAACCGGAAGAAGGCAACTTTGATTTTACCGAAGCGGATAAAATTGTGGATTTTGCGATTGCGCATAACATGAAAATGCGCGGCCATACCCTGGTGTGGCATAACAGCGTGCCGGATTGGGTGTTTCAAGACCCGAGCGATCCGGGCAAACCGGCGAGCCGCGAACTGCTGCTGAAAATTATGAAAACCCATATTACCACCGTGATGAAACATTATAAAGATAAATATGGCGATAACAACCCGATTATTGGCTGGGATGTGGTGAACGAAGCGCTGGATGATGATGGCAACCTGCGCGATACCATTTGGCTGCGCATTATTGGCCCGGATTATATTGCGAAAGCGTTTGAATATGCGCATGAAGCTGACCCGAGCGCGAAACTGTTTATTATGAGACC
55_wt_blade24_010205,GGTCTCGCTGGTGGCGGAAAACGCGATGAAATGGGAATATCTGGAACCGGAAGAAGGCAACTTTGATTTTACCGAAGCGGATAAAATTGTGGATTTTGCGATTGCGCATAACATGAAAATGCGCGGCCATACCCTGGTGTATCATAACAGCGTGCCGGATTGGGTGTTTCAAGACCCGAGCGATCCGGGCAAACCGGCGAGCCGCGAACTGCTGCTGAAAATTATGAAAACCCATATTACCACCGTGATGAAACATTATAAAGATAAATATGGCGATAACAACCCGATTATTGGCTGGGATGTGGTGAACGAAGCGCTGGATGATGATGGCAACCTGCGCGATACCATTTGGCTGCGCATTATTGGCCCGGATTATATTGCGAAAGCGTTTGAATATGCGCATGAAGCTGACCCGAGCGCGAAACTGTTTATTATGAGACC
56_wt_blade24_020101,GGTCTCGCTGGTGGCGGGCAACGCGATGAAATGGGAATATCTGGAACCGGAAGAAGGCAACTTTGATTTTACCGAAGCGGATAAAATTGTGGATTTTGCGATTGCGCATAACATGAAAATGCGCGGCCATACCCTGGTGTGGCATAACCAGGTGCCGGATTGGGTGTTTCAAGACCCGAGCGATCCGGGCAAACCGGCGAGCCGCGAACTGCTGCTGAAAATTATGAAAACCCATATTACCACCGTGATGAAACATTATAAAGATAAATATGGCGATAACAACCCGATTATTGGCTGGGATGTGGTGAACGAAGCGCTGGATGATGATGGCAACCTGCGCGATACCATTTGGCTGCGCATTATTGGCCCGGATTATATTGCGAAAGCGTTTGAATATGCGCATGAAGCTGACCCGAGCGCGAAACTGTTTATTATGAGACC
57_wt_blade24_020102,GGTCTCGCTGGTGGCGGGCAACGCGATGAAATGGGAATATCTGGAACCGGAAGAAGGCAACTTTGATTTTACCGAAGCGGATAAAATTGTGGATTTTGCGATTGCGCATAACATGAAAATGCGCGGCCATACCCTGGTGTGGCATAACGAAGTGCCGGATTGGGTGTTTCAAGACCCGAGCGATCCGGGCAAACCGGCGAGCCGCGAACTGCTGCTGAAAATTATGAAAACCCATATTACCACCGTGATGAAACATTATAAAGATAAATATGGCGATAACAACCCGATTATTGGCTGGGATGTGGTGAACGAAGCGCTGGATGATGATGGCAACCTGCGCGATACCATTTGGCTGCGCATTATTGGCCCGGATTATATTGCGAAAGCGTTTGAATATGCGCATGAAGCTGACCCGAGCGCGAAACTGTTTATTATGAGACC
58_wt_blade24_020103,GGTCTCGCTGGTGGCGGGCAACGCGATGAAATGGGAATATCTGGAACCGGAAGAAGGCAACTTTGATTTTACCGAAGCGGATAAAATTGTGGATTTTGCGATTGCGCATAACATGAAAATGCGCGGCCATACCCTGGTGTGGCATAACCATGTGCCGGATTGGGTGTTTCAAGACCCGAGCGATCCGGGCAAACCGGCGAGCCGCGAACTGCTGCTGAAAATTATGAAAACCCATATTACCACCGTGATGAAACATTATAAAGATAAATATGGCGATAACAACCCGATTATTGGCTGGGATGTGGTGAACGAAGCGCTGGATGATGATGGCAACCTGCGCGATACCATTTGGCTGCGCATTATTGGCCCGGATTATATTGCGAAAGCGTTTGAATATGCGCATGAAGCTGACCCGAGCGCGAAACTGTTTATTATGAGACC
59_wt_blade24_020104,GGTCTCGCTGGTGGCGGGCAACGCGATGAAATGGGAATATCTGGAACCGGAAGAAGGCAACTTTGATTTTACCGAAGCGGATAAAATTGTGGATTTTGCGATTGCGCATAACATGAAAATGCGCGGCCATACCCTGGTGTGGCATAACAAAGTGCCGGATTGGGTGTTTCAAGACCCGAGCGATCCGGGCAAACCGGCGAGCCGCGAACTGCTGCTGAAAATTATGAAAACCCATATTACCACCGTGATGAAACATTATAAAGATAAATATGGCGATAACAACCCGATTATTGGCTGGGATGTGGTGAACGAAGCGCTGGATGATGATGGCAACCTGCGCGATACCATTTGGCTGCGCATTATTGGCCCGGATTATATTGCGAAAGCGTTTGAATATGCGCATGAAGCTGACCCGAGCGCGAAACTGTTTATTATGAGACC
60_wt_blade24_020105,GGTCTCGCTGGTGGCGGGCAACGCGATGAAATGGGAATATCTGGAACCGGAAGAAGGCAACTTTGATTTTACCGAAGCGGATAAAATTGTGGATTTTGCGATTGCGCATAACATGAAAATGCGCGGCCATACCCTGGTGTGGCATAACAGCGTGCCGGATTGGGTGTTTCAAGACCCGAGCGATCCGGGCAAACCGGCGAGCCGCGAACTGCTGCTGAAAATTATGAAAACCCATATTACCACCGTGATGAAACATTATAAAGATAAATATGGCGATAACAACCCGATTATTGGCTGGGATGTGGTGAACGAAGCGCTGGATGATGATGGCAACCTGCGCGATACCATTTGGCTGCGCATTATTGGCCCGGATTATATTGCGAAAGCGTTTGAATATGCGCATGAAGCTGACCCGAGCGCGAAACTGTTTATTATGAGACC
61_1vbrB_blade56_010101010101,GGTCTCGATTAACGATTATAACATTGAAGAAATTAACGCGAAAAGCGATGCGATGTATAAAATGATTAAGAAACTGCTGGAGAAGGGCGTGCCGGTGGATGGCATTGGCTTTCAGATGCATATTGATGTGAACGGCGTGGATTATGATAGCTTTGCGAACGCGATTAAACGCTTTGCGAGCCTGGGCCTGGAAGTGGCGATTACCTGAGACCATGACTCAAACCCCATTGTCTTTGCCAGTTAGTTTGGGTGATCAAGCTTCTATATCTTGTCGTTCTAGCCAGAGTCTAGTCCATTCTA
62_1vbrB_blade56_010403100102,GGTCTCGATTAACGATTATAACATTGAAGAAATTAACGCGAAAAGCGATGCGATGTATAAAATGATTAAGAAACTGCTGGAGAAGGGCGTGCCGGTGGATGGCATTGGCTTTCAGATGCATATTGGCTTTCGCGGCGTGGATTTTGATAGCTTTGCGAACGCGATTAAACGCTTTGCGAGCCTGGGCCTGGAAGTGGCGATTACCTGAGACCATGACTCAAACCCCATTGTCTTTGCCAGTTAGTTTGGGTGATCAAGCTTCTATATCTTGTCGTTCTAGCCAGAGTCTAGTCCATTCTA
63_1vbrB_blade56_010407110102,GGTCTCGATTAACGATTATAACATTGAAGAAATTAACGCGAAAAGCGATGCGATGTATAAAATGATTAAGAAACTGCTGGAGAAGGGCGTGCCGGTGGATGGCATTGGCTTTCAGATGCATATTGGCCTGAGCGGCGTGGATTTTGATAGCTTTGCGAACGCGATTAAACGCTTTGCGAGCCTGGGCCTGGAAGTGGCGATTACCTGAGACCATGACTCAAACCCCATTGTCTTTGCCAGTTAGTTTGGGTGATCAAGCTTCTATATCTTGTCGTTCTAGCCAGAGTCTAGTCCATTCTA
64_1vbrB_blade56_010412040102,GGTCTCGATTAACGATTATAACATTGAAGAAATTAACGCGAAAAGCGATGCGATGTATAAAATGATTAAGAAACTGCTGGAGAAGGGCGTGCCGGTGGATGGCATTGGCTTTCAGATGCATATTGGCTATGAAGGCGTGGATTTTGATAGCTTTGCGAACGCGATTAAACGCTTTGCGAGCCTGGGCCTGGAAGTGGCGATTACCTGAGACCATGACTCAAACCCCATTGTCTTTGCCAGTTAGTTTGGGTGATCAAGCTTCTATATCTTGTCGTTCTAGCCAGAGTCTAGTCCATTCTA
65_1vbrB_blade56_010707090102,GGTCTCGATTAACGATTATAACATTGAAGAAATTAACGCGAAAAGCGATGCGATGTATAAAATGATTAAGAAACTGCTGGAGAAGGGCGTGCCGGTGGATGGCATTGGCTTTCAGATGCATATTAACTTACAAGGCGTGGATTTTGATAGCTTTGCGAACGCGATTAAACGCTTTGCGAGCCTGGGCCTGGAAGTGGCGATTACCTGAGACCATGACTCAAACCCCATTGTCTTTGCCAGTTAGTTTGGGTGATCAAGCTTCTATATCTTGTCGTTCTAGCCAGAGTCTAGTCCATTCTA
66_1vbrB_blade56_010803090102,GGTCTCGATTAACGATTATAACATTGAAGAAATTAACGCGAAAAGCGATGCGATGTATAAAATGATTAAGAAACTGCTGGAGAAGGGCGTGCCGGTGGATGGCATTGGCTTTCAGATGCATATTCCGTTTCAGGGCGTGGATTTTGATAGCTTTGCGAACGCGATTAAACGCTTTGCGAGCCTGGGCCTGGAAGTGGCGATTACCTGAGACCATGACTCAAACCCCATTGTCTTTGCCAGTTAGTTTGGGTGATCAAGCTTCTATATCTTGTCGTTCTAGCCAGAGTCTAGTCCATTCTA
67_1vbrB_blade56_010807040102,GGTCTCGATTAACGATTATAACATTGAAGAAATTAACGCGAAAAGCGATGCGATGTATAAAATGATTAAGAAACTGCTGGAGAAGGGCGTGCCGGTGGATGGCATTGGCTTTCAGATGCATATTCCGCTGGAAGGCGTGGATTTTGATAGCTTTGCGAACGCGATTAAACGCTTTGCGAGCCTGGGCCTGGAAGTGGCGATTACCTGAGACCATGACTCAAACCCCATTGTCTTTGCCAGTTAGTTTGGGTGATCAAGCTTCTATATCTTGTCGTTCTAGCCAGAGTCTAGTCCATTCTA
68_1vbrB_blade56_010812100102,GGTCTCGATTAACGATTATAACATTGAAGAAATTAACGCGAAAAGCGATGCGATGTATAAAATGATTAAGAAACTGCTGGAGAAGGGCGTGCCGGTGGATGGCATTGGCTTTCAGATGCATATTCCGTATCGCGGCGTGGATTTTGATAGCTTTGCGAACGCGATTAAACGCTTTGCGAGCCTGGGCCTGGAAGTGGCGATTACCTGAGACCATGACTCAAACCCCATTGTCTTTGCCAGTTAGTTTGGGTGATCAAGCTTCTATATCTTGTCGTTCTAGCCAGAGTCTAGTCCATTCTA
69_1vbrB_blade56_011203040102,GGTCTCGATTAACGATTATAACATTGAAGAAATTAACGCGAAAAGCGATGCGATGTATAAAATGATTAAGAAACTGCTGGAGAAGGGCGTGCCGGTGGATGGCATTGGCTTTCAGATGCATATTACCTTTGAAGGCGTGGATTTTGATAGCTTTGCGAACGCGATTAAACGCTTTGCGAGCCTGGGCCTGGAAGTGGCGATTACCTGAGACCATGACTCAAACCCCATTGTCTTTGCCAGTTAGTTTGGGTGATCAAGCTTCTATATCTTGTCGTTCTAGCCAGAGTCTAGTCCATTCTA
70_1vbrB_blade56_011207100102,GGTCTCGATTAACGATTATAACATTGAAGAAATTAACGCGAAAAGCGATGCGATGTATAAAATGATTAAGAAACTGCTGGAGAAGGGCGTGCCGGTGGATGGCATTGGCTTTCAGATGCATATTACCCTGCGCGGCGTGGATTTTGATAGCTTTGCGAACGCGATTAAACGCTTTGCGAGCCTGGGCCTGGAAGTGGCGATTACCTGAGACCATGACTCAAACCCCATTGTCTTTGCCAGTTAGTTTGGGTGATCAAGCTTCTATATCTTGTCGTTCTAGCCAGAGTCTAGTCCATTCTA
71_1vbrB_blade56_011212090102,GGTCTCGATTAACGATTATAACATTGAAGAAATTAACGCGAAAAGCGATGCGATGTATAAAATGATTAAGAAACTGCTGGAGAAGGGCGTGCCGGTGGATGGCATTGGCTTTCAGATGCATATTACCTATCAGGGCGTGGATTTTGATAGCTTTGCGAACGCGATTAAACGCTTTGCGAGCCTGGGCCTGGAAGTGGCGATTACCTGAGACCATGACTCAAACCCCATTGTCTTTGCCAGTTAGTTTGGGTGATCAAGCTTCTATATCTTGTCGTTCTAGCCAGAGTCTAGTCCATTCTA
72_1w2pB_blade56_010101,GGTCTCGATTAACGATTATAACATTGAAAGCAACGGCGCGAAAACCGATGCGATGGTGAAACTGGTGAAAAGCCTGCTGGATAAAGGCGTGCCGATTGATGGCGTGGGCTTTCAGATGCATATTAGCGTGGATTATCCGAGCCTGGAACAGATTGAGAAGGCGATTAAGAAAATTGCGGATCTGAGCCCGAAACTGGAAATTCAGATTACCTGAGACCATGACTCAAACCCCATTGTCTTTGCCAGTTAGTTTGGGTGATCAAGCTTCTATATCTTGTCGTTCTAGCCAGAGTCTAGTCC
73_1w2pB_blade56_040201,GGTCTCGATTAACGATTATAACATTGAAAGCAACGGCGCGAAAACCGATGCGATGGTGAAACTGGTGAAAAGCCTGCTGGATAAAGGCGTGCCGATTGATGGCGTGGGCTTTCAGATGCATATTGGCCTGGATTATCCGAGCCTGGAACAGATTGAGAAGGCGATTAAGAAAATTGCGGATCTGAGCCCGAAACTGGAAATTCAGATTACCTGAGACCATGACTCAAACCCCATTGTCTTTGCCAGTTAGTTTGGGTGATCAAGCTTCTATATCTTGTCGTTCTAGCCAGAGTCTAGTCC
74_1w2pB_blade56_060201,GGTCTCGATTAACGATTATAACATTGAAAGCAACGGCGCGAAAACCGATGCGATGGTGAAACTGGTGAAAAGCCTGCTGGATAAAGGCGTGCCGATTGATGGCGTGGGCTTTCAGATGCATATTACCCTGGATTATCCGAGCCTGGAACAGATTGAGAAGGCGATTAAGAAAATTGCGGATCTGAGCCCGAAACTGGAAATTCAGATTACCTGAGACCATGACTCAAACCCCATTGTCTTTGCCAGTTAGTTTGGGTGATCAAGCTTCTATATCTTGTCGTTCTAGCCAGAGTCTAGTCC
75_wt_blade56_0101010101,GGTCTCGATTAACGATTATAACATTGAACTGGATAACGCGAAAACCGAAGCGATGTATAAACTGGTGAAGAAACTGCTGGAACGCGGCGTGCCGATTGATGGCATTGGCATGCAGATGCATATTAGCCTGAACAGCGATCTGGAAAGCATTAAGAAAGCGATTGAGAAGCTGGCGAGCCTGGGCGTGGAAATTCAGATTACCTGAGACCATGACTCAAACCCCATTGTCTTTGCCAGTTAGTTTGGGTGATCAAGCTTCTATATCTTGTCGTTCTAGCCAGAGTCTAGTCCATTCTAATG
76_wt_blade56_0208010201,GGTCTCGATTAACGATTATGCGATTGAACTGGATAACGCGAAAACCGAAGCGATGTATAAACTGGTGAAGAAACTGCTGGAACGCGGCGTGCCGATTGATGGCATTGGCATGCAGATGCATATTCCGCTGAACGCGGATCTGGAAAGCATTAAGAAAGCGATTGAGAAGCTGGCGAGCCTGGGCGTGGAAATTCAGATTACCTGAGACCATGACTCAAACCCCATTGTCTTTGCCAGTTAGTTTGGGTGATCAAGCTTCTATATCTTGTCGTTCTAGCCAGAGTCTAGTCCATTCTAATG
77_wt_blade56_0208020301,GGTCTCGATTAACGATTATGCGATTGAACTGGATAACGCGAAAACCGAAGCGATGTATAAACTGGTGAAGAAACTGCTGGAACGCGGCGTGCCGATTGATGGCATTGGCATGCAGATGCATATTCCGCTGGATGATGATCTGGAAAGCATTAAGAAAGCGATTGAGAAGCTGGCGAGCCTGGGCGTGGAAATTCAGATTACCTGAGACCATGACTCAAACCCCATTGTCTTTGCCAGTTAGTTTGGGTGATCAAGCTTCTATATCTTGTCGTTCTAGCCAGAGTCTAGTCCATTCTAATG
78_wt_blade56_0208040101,GGTCTCGATTAACGATTATGCGATTGAACTGGATAACGCGAAAACCGAAGCGATGTATAAACTGGTGAAGAAACTGCTGGAACGCGGCGTGCCGATTGATGGCATTGGCATGCAGATGCATATTCCGCTGCATAGCGATCTGGAAAGCATTAAGAAAGCGATTGAGAAGCTGGCGAGCCTGGGCGTGGAAATTCAGATTACCTGAGACCATGACTCAAACCCCATTGTCTTTGCCAGTTAGTTTGGGTGATCAAGCTTCTATATCTTGTCGTTCTAGCCAGAGTCTAGTCCATTCTAATG
79_wt_blade56_0211040201,GGTCTCGATTAACGATTATGCGATTGAACTGGATAACGCGAAAACCGAAGCGATGTATAAACTGGTGAAGAAACTGCTGGAACGCGGCGTGCCGATTGATGGCATTGGCATGCAGATGCATATTACCCTGCATGCGGATCTGGAAAGCATTAAGAAAGCGATTGAGAAGCTGGCGAGCCTGGGCGTGGAAATTCAGATTACCTGAGACCATGACTCAAACCCCATTGTCTTTGCCAGTTAGTTTGGGTGATCAAGCTTCTATATCTTGTCGTTCTAGCCAGAGTCTAGTCCATTCTAATG
80_wt_blade56_0212040301,GGTCTCGATTAACGATTATGCGATTGAACTGGATAACGCGAAAACCGAAGCGATGTATAAACTGGTGAAGAAACTGCTGGAACGCGGCGTGCCGATTGATGGCATTGGCATGCAGATGCATATTTATCTGCATGATGATCTGGAAAGCATTAAGAAAGCGATTGAGAAGCTGGCGAGCCTGGGCGTGGAAATTCAGATTACCTGAGACCATGACTCAAACCCCATTGTCTTTGCCAGTTAGTTTGGGTGATCAAGCTTCTATATCTTGTCGTTCTAGCCAGAGTCTAGTCCATTCTAATG
81_wt_blade56_0508010301,GGTCTCGATTAACGATTATAGCATTGAACTGGATAACGCGAAAACCGAAGCGATGTATAAACTGGTGAAGAAACTGCTGGAACGCGGCGTGCCGATTGATGGCATTGGCATGCAGATGCATATTCCGCTGAACGATGATCTGGAAAGCATTAAGAAAGCGATTGAGAAGCTGGCGAGCCTGGGCGTGGAAATTCAGATTACCTGAGACCATGACTCAAACCCCATTGTCTTTGCCAGTTAGTTTGGGTGATCAAGCTTCTATATCTTGTCGTTCTAGCCAGAGTCTAGTCCATTCTAATG
82_wt_blade56_0508020101,GGTCTCGATTAACGATTATAGCATTGAACTGGATAACGCGAAAACCGAAGCGATGTATAAACTGGTGAAGAAACTGCTGGAACGCGGCGTGCCGATTGATGGCATTGGCATGCAGATGCATATTCCGCTGGATAGCGATCTGGAAAGCATTAAGAAAGCGATTGAGAAGCTGGCGAGCCTGGGCGTGGAAATTCAGATTACCTGAGACCATGACTCAAACCCCATTGTCTTTGCCAGTTAGTTTGGGTGATCAAGCTTCTATATCTTGTCGTTCTAGCCAGAGTCTAGTCCATTCTAATG
83_wt_blade56_0508040201,GGTCTCGATTAACGATTATAGCATTGAACTGGATAACGCGAAAACCGAAGCGATGTATAAACTGGTGAAGAAACTGCTGGAACGCGGCGTGCCGATTGATGGCATTGGCATGCAGATGCATATTCCGCTGCATGCGGATCTGGAAAGCATTAAGAAAGCGATTGAGAAGCTGGCGAGCCTGGGCGTGGAAATTCAGATTACCTGAGACCATGACTCAAACCCCATTGTCTTTGCCAGTTAGTTTGGGTGATCAAGCTTCTATATCTTGTCGTTCTAGCCAGAGTCTAGTCCATTCTAATG
84_wt_blade56_0511040101,GGTCTCGATTAACGATTATAGCATTGAACTGGATAACGCGAAAACCGAAGCGATGTATAAACTGGTGAAGAAACTGCTGGAACGCGGCGTGCCGATTGATGGCATTGGCATGCAGATGCATATTACCCTGCATAGCGATCTGGAAAGCATTAAGAAAGCGATTGAGAAGCTGGCGAGCCTGGGCGTGGAAATTCAGATTACCTGAGACCATGACTCAAACCCCATTGTCTTTGCCAGTTAGTTTGGGTGATCAAGCTTCTATATCTTGTCGTTCTAGCCAGAGTCTAGTCCATTCTAATG
85_wt_blade56_0512010201,GGTCTCGATTAACGATTATAGCATTGAACTGGATAACGCGAAAACCGAAGCGATGTATAAACTGGTGAAGAAACTGCTGGAACGCGGCGTGCCGATTGATGGCATTGGCATGCAGATGCATATTTATCTGAACGCGGATCTGGAAAGCATTAAGAAAGCGATTGAGAAGCTGGCGAGCCTGGGCGTGGAAATTCAGATTACCTGAGACCATGACTCAAACCCCATTGTCTTTGCCAGTTAGTTTGGGTGATCAAGCTTCTATATCTTGTCGTTCTAGCCAGAGTCTAGTCCATTCTAATG
86_3muiB_blade78_0101,GGTCTCGTACCGAACTGGATGTGAGCGTGTTTGAATGGGATGATCGCCGCACCGATGTGAAAGCGCCGACCGAAGAAATGCTGGAACGCCAGGCGCAGCGCTTTAAGAAACTGATGGATCTGTTTCGCAAACATAGCGAGAAGATTACCGCGGTGGTGTTTTGGGGCGCGGCGGATGCGCATACCTGGCTGAACAACTATCCGGTGCCGGGCCGCAAGAACTGGCCGCTGCTGTTTGATGAAAACGGCCAGCCGAAACCGGCGTATTGGGCGATTGTGGGATCCGAACAAATGACTCAAA
87_3muiB_blade78_0102,GGTCTCGTACCGAACTGGATGTGAGCGTGTTTGAATGGGATGATCGCCGCACCGATGTGAAAGCGCCGACCGAAGAAATGCTGGAACGCCAGGCGCAGCGCTTTAAGAAACTGATGGATCTGTTTCGCAAACATAGCGAGAAGATTACCGCGGTGGTGTTTTATGGCGCGGCGGATGCGCATACCTGGCTGAACAACTATCCGGTGCCGGGCCGCAAGAACTGGCCGCTGCTGTTTGATGAAAACGGCCAGCCGAAACCGGCGTATTGGGCGATTGTGGGATCCGAACAAATGACTCAAA
88_3muiB_blade78_0201,GGTCTCGTACCGAACTGGATGTGAGCGTGTTTGAATTTGATGATCGCCGCACCGATGTGAAAGCGCCGACCGAAGAAATGCTGGAACGCCAGGCGCAGCGCTTTAAGAAACTGATGGATCTGTTTCGCAAACATAGCGAGAAGATTACCGCGGTGGTGTTTTGGGGCGCGGCGGATGCGCATACCTGGCTGAACAACTATCCGGTGCCGGGCCGCAAGAACTGGCCGCTGCTGTTTGATGAAAACGGCCAGCCGAAACCGGCGTATTGGGCGATTGTGGGATCCGAACAAATGACTCAAA
89_3muiB_blade78_0301,GGTCTCGTACCGAACTGGATGTGAGCGTGTTTGAACATGATGATCGCCGCACCGATGTGAAAGCGCCGACCGAAGAAATGCTGGAACGCCAGGCGCAGCGCTTTAAGAAACTGATGGATCTGTTTCGCAAACATAGCGAGAAGATTACCGCGGTGGTGTTTTGGGGCGCGGCGGATGCGCATACCTGGCTGAACAACTATCCGGTGCCGGGCCGCAAGAACTGGCCGCTGCTGTTTGATGAAAACGGCCAGCCGAAACCGGCGTATTGGGCGATTGTGGGATCCGAACAAATGACTCAAA
90_3muiB_blade78_0401,GGTCTCGTACCGAACTGGATGTGAGCGTGTTTGAAATTGATGATCGCCGCACCGATGTGAAAGCGCCGACCGAAGAAATGCTGGAACGCCAGGCGCAGCGCTTTAAGAAACTGATGGATCTGTTTCGCAAACATAGCGAGAAGATTACCGCGGTGGTGTTTTGGGGCGCGGCGGATGCGCATACCTGGCTGAACAACTATCCGGTGCCGGGCCGCAAGAACTGGCCGCTGCTGTTTGATGAAAACGGCCAGCCGAAACCGGCGTATTGGGCGATTGTGGGATCCGAACAAATGACTCAAA
91_3muiB_blade78_0501,GGTCTCGTACCGAACTGGATGTGAGCGTGTTTGAACTGGATGATCGCCGCACCGATGTGAAAGCGCCGACCGAAGAAATGCTGGAACGCCAGGCGCAGCGCTTTAAGAAACTGATGGATCTGTTTCGCAAACATAGCGAGAAGATTACCGCGGTGGTGTTTTGGGGCGCGGCGGATGCGCATACCTGGCTGAACAACTATCCGGTGCCGGGCCGCAAGAACTGGCCGCTGCTGTTTGATGAAAACGGCCAGCCGAAACCGGCGTATTGGGCGATTGTGGGATCCGAACAAATGACTCAAA
92_3muiB_blade78_0601,GGTCTCGTACCGAACTGGATGTGAGCGTGTTTGAAATGGATGATCGCCGCACCGATGTGAAAGCGCCGACCGAAGAAATGCTGGAACGCCAGGCGCAGCGCTTTAAGAAACTGATGGATCTGTTTCGCAAACATAGCGAGAAGATTACCGCGGTGGTGTTTTGGGGCGCGGCGGATGCGCATACCTGGCTGAACAACTATCCGGTGCCGGGCCGCAAGAACTGGCCGCTGCTGTTTGATGAAAACGGCCAGCCGAAACCGGCGTATTGGGCGATTGTGGGATCCGAACAAATGACTCAAA
93_3muiB_blade78_0701,GGTCTCGTACCGAACTGGATGTGAGCGTGTTTGAAAGCGATGATCGCCGCACCGATGTGAAAGCGCCGACCGAAGAAATGCTGGAACGCCAGGCGCAGCGCTTTAAGAAACTGATGGATCTGTTTCGCAAACATAGCGAGAAGATTACCGCGGTGGTGTTTTGGGGCGCGGCGGATGCGCATACCTGGCTGAACAACTATCCGGTGCCGGGCCGCAAGAACTGGCCGCTGCTGTTTGATGAAAACGGCCAGCCGAAACCGGCGTATTGGGCGATTGTGGGATCCGAACAAATGACTCAAA
94_3muiB_blade78_0801,GGTCTCGTACCGAACTGGATGTGAGCGTGTTTGAAACCGATGATCGCCGCACCGATGTGAAAGCGCCGACCGAAGAAATGCTGGAACGCCAGGCGCAGCGCTTTAAGAAACTGATGGATCTGTTTCGCAAACATAGCGAGAAGATTACCGCGGTGGTGTTTTGGGGCGCGGCGGATGCGCATACCTGGCTGAACAACTATCCGGTGCCGGGCCGCAAGAACTGGCCGCTGCTGTTTGATGAAAACGGCCAGCCGAAACCGGCGTATTGGGCGATTGTGGGATCCGAACAAATGACTCAAA
95_3muiB_blade78_0901,GGTCTCGTACCGAACTGGATGTGAGCGTGTTTGAATATGATGATCGCCGCACCGATGTGAAAGCGCCGACCGAAGAAATGCTGGAACGCCAGGCGCAGCGCTTTAAGAAACTGATGGATCTGTTTCGCAAACATAGCGAGAAGATTACCGCGGTGGTGTTTTGGGGCGCGGCGGATGCGCATACCTGGCTGAACAACTATCCGGTGCCGGGCCGCAAGAACTGGCCGCTGCTGTTTGATGAAAACGGCCAGCCGAAACCGGCGTATTGGGCGATTGTGGGATCCGAACAAATGACTCAAA
96_3rdkA_blade78_0101,GGTCTCGTACCGAACTGGATGTGCAGGCGGGCAGCAACTATATTCTGCCGGAAGAACTGGCGAAAGCGCAGGCGAAAATGTATAAAGCGCTGTTTGATATCTTCCGCAAACATGCGGATCATATTACCGCGGTGGTGCTGTATGGCGTGGCGGATGCGACCGCGTGGCGCGCGGAAAACAACCCGCTGCTGTTTGATAAGAACGGCCAGCCGAAACCGGCGTATTGGGCGATTGTGGGATCCGAACAAATGACTCAAACCCCATTGTCTTTGCCAGTTAGTTTGGGTGATCAAGCTTCTA
97_wt_blade78_0101,GGTCTCGTACCGAACTGGATGTGGATCTGAACGGCAACATTAGCGAAGAAATGCTGAAGAAACAGGCGGAACTGTATAAACAGCTGATGGAAATCTTCCTGAAATATAAAGATTATATTACCGCGGTGGTGTTTTGGGGCATTAACGATGCGCGCAGCTGGCTGAGCAGCAACAACGCGCCGCTGCTGTTTGATGAAAACTTACAACCGAAACCGGCGTATTGGGCGATTGTGGGATCCGAACAAATGACTCAAACCCCATTGTCTTTGCCAGTTAGTTTGGGTGATCAAGCTTCTATAT
98_wt_blade78_0102,GGTCTCGTACCGAACTGGATGTGGATCTGAACGGCAACATTAGCGAAGAAATGCTGAAGAAACAGGCGGAACTGTATAAACAGCTGATGGAAATCTTCCTGAAATATAAAGATTATATTACCGCGGTGGTGTTTTGGGGCATTAACGATGCGCGCAGCGCGCTGAGCAGCAACAACGCGCCGCTGCTGTTTGATGAAAACTTACAACCGAAACCGGCGTATTGGGCGATTGTGGGATCCGAACAAATGACTCAAACCCCATTGTCTTTGCCAGTTAGTTTGGGTGATCAAGCTTCTATAT
99_wt_blade78_0201,GGTCTCGTACCGAACTGGATGTGGATCTGAACGGCAACATTAGCGAAGAAATGCTGAAGAAACAGGCGGAACTGTATAAACAGCTGATGGAAATCTTCCTGAAATATAAAGATTATATTACCGCGGTGGTGTTTCGCGGCATTAACGATGCGCGCAGCTGGCTGAGCAGCAACAACGCGCCGCTGCTGTTTGATGAAAACTTACAACCGAAACCGGCGTATTGGGCGATTGTGGGATCCGAACAAATGACTCAAACCCCATTGTCTTTGCCAGTTAGTTTGGGTGATCAAGCTTCTATAT
100_wt_blade78_0202,GGTCTCGTACCGAACTGGATGTGGATCTGAACGGCAACATTAGCGAAGAAATGCTGAAGAAACAGGCGGAACTGTATAAACAGCTGATGGAAATCTTCCTGAAATATAAAGATTATATTACCGCGGTGGTGTTTCGCGGCATTAACGATGCGCGCAGCGCGCTGAGCAGCAACAACGCGCCGCTGCTGTTTGATGAAAACTTACAACCGAAACCGGCGTATTGGGCGATTGTGGGATCCGAACAAATGACTCAAACCCCATTGTCTTTGCCAGTTAGTTTGGGTGATCAAGCTTCTATAT
